store_id,store_code,store_name,store_type,channel,status,is_franchise,region,state,city,address,postal_code,latitude,longitude,phone,email,opening_time,closing_time,floor_area_sqft,opening_date,created_at,updated_at
STORE000522,STR-00522,Mega Store,Distributor,E-Commerce,Active,True,West,Maharashtra,Mumbai,"72, MG Road, Mumbai, Maharashtra",400001,19.076,72.8777,+91 7191966745,megastore@enterprisefmcg.com,10:00,22:00,1000,2026-07-17,2026-07-17 14:27:09.502695,2026-07-17 14:27:09.502695
STORE000738,STR-00738,Daily Mart,Supermarket,General Trade,Inactive,False,North,Delhi,New Delhi,"131, MG Road, New Delhi, Delhi",110001,28.6139,77.209,+91 7214264423,dailymart@enterprisefmcg.com,09:00,22:00,1000,2026-07-17,2026-07-17 14:27:09.503761,2026-07-17 14:27:09.503761
STORE000741,STR-00741,Fresh Store,Hypermarket,General Trade,Active,True,North,Uttar Pradesh,Kanpur,"235, MG Road, Kanpur, Uttar Pradesh",208001,26.4499,80.3319,+91 7554999472,freshstore@enterprisefmcg.com,08:00,21:00,500,2026-07-17,2026-07-17 14:27:09.504886,2026-07-17 14:27:09.504886
STORE000661,STR-00661,Value Foods,Distributor,Distributor,Active,False,South,Karnataka,Mysuru,"167, MG Road, Mysuru, Karnataka",570001,12.2958,76.6394,+91 7426110394,valuefoods@enterprisefmcg.com,10:00,20:00,5000,2026-07-17,2026-07-17 14:27:09.503761,2026-07-17 14:27:09.503761
STORE000412,STR-00412,Royal Market,Convenience Store,Wholesale,Inactive,False,East,West Bengal,Kolkata,"116, MG Road, Kolkata, West Bengal",700001,22.5726,88.3639,+91 9467297227,royalmarket@enterprisefmcg.com,08:00,21:00,5000,2026-07-17,2026-07-17 14:27:09.501692,2026-07-17 14:27:09.501692
STORE000679,STR-00679,Mega Store,Distributor,General Trade,Inactive,False,South,Karnataka,Mysuru,"96, MG Road, Mysuru, Karnataka",570001,12.2958,76.6394,+91 6748752142,megastore@enterprisefmcg.com,08:00,22:00,1500,2026-07-17,2026-07-17 14:27:09.503761,2026-07-17 14:27:09.503761
STORE000627,STR-00627,Daily Retail,Hypermarket,Wholesale,Inactive,True,North,Delhi,New Delhi,"111, MG Road, New Delhi, Delhi",110001,28.6139,77.209,+91 9586664394,dailyretail@enterprisefmcg.com,10:00,21:00,1500,2026-07-17,2026-07-17 14:27:09.503761,2026-07-17 14:27:09.503761
STORE000514,STR-00514,Value Mart,Convenience Store,General Trade,Active,False,West,Gujarat,Surat,"180, MG Road, Surat, Gujarat",395003,21.1702,72.8311,+91 9775709138,valuemart@enterprisefmcg.com,08:00,22:00,1000,2026-07-17,2026-07-17 14:27:09.502695,2026-07-17 14:27:09.502695
STORE000860,STR-00860,Metro Center,Convenience Store,General Trade,Active,False,North,Uttar Pradesh,Lucknow,"86, MG Road, Lucknow, Uttar Pradesh",226001,26.8467,80.9462,+91 6199292768,metrocenter@enterprisefmcg.com,09:00,21:00,1500,2026-07-17,2026-07-17 14:27:09.505887,2026-07-17 14:27:09.505887
STORE000137,STR-00137,Daily Market,Distributor,Wholesale,Inactive,True,West,Maharashtra,Pune,"151, MG Road, Pune, Maharashtra",411001,18.5204,73.8567,+91 7362811195,dailymarket@enterprisefmcg.com,09:00,22:00,1500,2026-07-17,2026-07-17 14:27:09.499273,2026-07-17 14:27:09.499273
STORE000812,STR-00812,Royal Foods,Distributor,Modern Trade,Inactive,False,North,Uttar Pradesh,Lucknow,"168, MG Road, Lucknow, Uttar Pradesh",226001,26.8467,80.9462,+91 6852026608,royalfoods@enterprisefmcg.com,09:00,21:00,10000,2026-07-17,2026-07-17 14:27:09.504886,2026-07-17 14:27:09.504886
STORE000077,STR-00077,Mega Market,Hypermarket,Wholesale,Active,True,South,Tamil Nadu,Salem,"111, MG Road, Salem, Tamil Nadu",636001,11.6643,78.146,+91 7029427590,megamarket@enterprisefmcg.com,08:00,20:00,1500,2026-07-17,2026-07-17 14:27:09.498265,2026-07-17 14:27:09.498265
STORE000637,STR-00637,Fresh Hyper,Supermarket,E-Commerce,Active,True,East,West Bengal,Siliguri,"11, MG Road, Siliguri, West Bengal",734001,26.7271,88.3953,+91 8617697798,freshhyper@enterprisefmcg.com,10:00,20:00,1500,2026-07-17,2026-07-17 14:27:09.503761,2026-07-17 14:27:09.503761
STORE000974,STR-00974,Mega Mart,Supermarket,E-Commerce,Active,True,South,Kerala,Kochi,"123, MG Road, Kochi, Kerala",682001,9.9312,76.2673,+91 7603996335,megamart@enterprisefmcg.com,08:00,21:00,2500,2026-07-17,2026-07-17 14:27:09.506959,2026-07-17 14:27:09.506959
STORE000939,STR-00939,City Mart,Online Fulfillment Center,E-Commerce,Active,True,West,Gujarat,Ahmedabad,"203, MG Road, Ahmedabad, Gujarat",380001,23.0225,72.5714,+91 9630301210,citymart@enterprisefmcg.com,09:00,20:00,10000,2026-07-17,2026-07-17 14:27:09.505887,2026-07-17 14:27:09.505887
STORE000900,STR-00900,Family Hyper,Hypermarket,Wholesale,Active,False,West,Gujarat,Surat,"217, MG Road, Surat, Gujarat",395003,21.1702,72.8311,+91 7284750262,familyhyper@enterprisefmcg.com,09:00,20:00,500,2026-07-17,2026-07-17 14:27:09.505887,2026-07-17 14:27:09.505887
STORE000281,STR-00281,Mega Hyper,Hypermarket,Modern Trade,Inactive,True,South,Karnataka,Hubballi,"243, MG Road, Hubballi, Karnataka",580020,15.3647,75.124,+91 7183160660,megahyper@enterprisefmcg.com,09:00,20:00,10000,2026-07-17,2026-07-17 14:27:09.499273,2026-07-17 14:27:09.499273
STORE000884,STR-00884,City Express,Convenience Store,E-Commerce,Inactive,False,East,Odisha,Bhubaneswar,"101, MG Road, Bhubaneswar, Odisha",751001,20.2961,85.8245,+91 7019177614,cityexpress@enterprisefmcg.com,10:00,21:00,10000,2026-07-17,2026-07-17 14:27:09.505887,2026-07-17 14:27:09.505887
STORE000762,STR-00762,Smart Retail,Retail Outlet,Distributor,Inactive,True,West,Gujarat,Vadodara,"54, MG Road, Vadodara, Gujarat",390001,22.3072,73.1812,+91 9415812153,smartretail@enterprisefmcg.com,09:00,21:00,1000,2026-07-17,2026-07-17 14:27:09.504886,2026-07-17 14:27:09.504886
STORE000320,STR-00320,Family Market,Convenience Store,Wholesale,Inactive,False,East,West Bengal,Siliguri,"225, MG Road, Siliguri, West Bengal",734001,26.7271,88.3953,+91 7803360978,familymarket@enterprisefmcg.com,10:00,20:00,10000,2026-07-17,2026-07-17 14:27:09.500687,2026-07-17 14:27:09.500687
STORE000550,STR-00550,Metro Hyper,Convenience Store,Wholesale,Active,False,West,Gujarat,Surat,"197, MG Road, Surat, Gujarat",395003,21.1702,72.8311,+91 8956270633,metrohyper@enterprisefmcg.com,09:00,20:00,1000,2026-07-17,2026-07-17 14:27:09.502695,2026-07-17 14:27:09.502695
STORE000175,STR-00175,Smart Retail,Convenience Store,Wholesale,Inactive,False,East,West Bengal,Siliguri,"137, MG Road, Siliguri, West Bengal",734001,26.7271,88.3953,+91 7086213652,smartretail@enterprisefmcg.com,09:00,20:00,2500,2026-07-17,2026-07-17 14:27:09.499273,2026-07-17 14:27:09.499273
STORE000372,STR-00372,Mega Express,Supermarket,Distributor,Inactive,False,West,Gujarat,Vadodara,"67, MG Road, Vadodara, Gujarat",390001,22.3072,73.1812,+91 8974566346,megaexpress@enterprisefmcg.com,08:00,20:00,1000,2026-07-17,2026-07-17 14:27:09.500687,2026-07-17 14:27:09.500687
STORE000528,STR-00528,Smart Market,Supermarket,Modern Trade,Active,False,West,Maharashtra,Pune,"224, MG Road, Pune, Maharashtra",411001,18.5204,73.8567,+91 6270655299,smartmarket@enterprisefmcg.com,10:00,22:00,5000,2026-07-17,2026-07-17 14:27:09.502695,2026-07-17 14:27:09.502695
STORE000211,STR-00211,Royal Store,Online Fulfillment Center,Distributor,Active,False,West,Maharashtra,Mumbai,"214, MG Road, Mumbai, Maharashtra",400001,19.076,72.8777,+91 6827457599,royalstore@enterprisefmcg.com,08:00,22:00,500,2026-07-17,2026-07-17 14:27:09.499273,2026-07-17 14:27:09.499273
STORE000236,STR-00236,City Express,Hypermarket,Wholesale,Inactive,False,North,Delhi,New Delhi,"44, MG Road, New Delhi, Delhi",110001,28.6139,77.209,+91 6425209482,cityexpress@enterprisefmcg.com,08:00,22:00,10000,2026-07-17,2026-07-17 14:27:09.499273,2026-07-17 14:27:09.499273
STORE000102,STR-00102,Metro Retail,Convenience Store,E-Commerce,Active,True,South,Tamil Nadu,Salem,"55, MG Road, Salem, Tamil Nadu",636001,11.6643,78.146,+91 6003742313,metroretail@enterprisefmcg.com,08:00,22:00,500,2026-07-17,2026-07-17 14:27:09.498265,2026-07-17 14:27:09.498265
STORE000987,STR-00987,Mega Retail,Convenience Store,General Trade,Active,True,North,Delhi,New Delhi,"47, MG Road, New Delhi, Delhi",110001,28.6139,77.209,+91 8543577623,megaretail@enterprisefmcg.com,10:00,21:00,500,2026-07-17,2026-07-17 14:27:09.506959,2026-07-17 14:27:09.506959
STORE000903,STR-00903,Mega Mart,Wholesale Depot,General Trade,Active,True,South,Tamil Nadu,Madurai,"5, MG Road, Madurai, Tamil Nadu",625001,9.9252,78.1198,+91 7308768441,megamart@enterprisefmcg.com,08:00,22:00,2500,2026-07-17,2026-07-17 14:27:09.505887,2026-07-17 14:27:09.505887
STORE000948,STR-00948,Metro Store,Online Fulfillment Center,General Trade,Inactive,False,North,Delhi,New Delhi,"77, MG Road, New Delhi, Delhi",110001,28.6139,77.209,+91 9778634318,metrostore@enterprisefmcg.com,08:00,20:00,1000,2026-07-17,2026-07-17 14:27:09.505887,2026-07-17 14:27:09.505887
STORE000347,STR-00347,Daily Center,Online Fulfillment Center,General Trade,Active,True,North,Delhi,New Delhi,"121, MG Road, New Delhi, Delhi",110001,28.6139,77.209,+91 9848274118,dailycenter@enterprisefmcg.com,10:00,20:00,5000,2026-07-17,2026-07-17 14:27:09.500687,2026-07-17 14:27:09.500687
STORE000140,STR-00140,Value Retail,Online Fulfillment Center,Modern Trade,Active,True,South,Tamil Nadu,Coimbatore,"34, MG Road, Coimbatore, Tamil Nadu",641001,11.0168,76.9558,+91 6980546829,valueretail@enterprisefmcg.com,08:00,22:00,1000,2026-07-17,2026-07-17 14:27:09.499273,2026-07-17 14:27:09.499273
STORE000622,STR-00622,Fresh Foods,Online Fulfillment Center,E-Commerce,Active,False,West,Gujarat,Surat,"212, MG Road, Surat, Gujarat",395003,21.1702,72.8311,+91 8983667558,freshfoods@enterprisefmcg.com,10:00,20:00,1000,2026-07-17,2026-07-17 14:27:09.503761,2026-07-17 14:27:09.503761
STORE000500,STR-00500,Royal Foods,Convenience Store,Modern Trade,Inactive,True,East,West Bengal,Kolkata,"67, MG Road, Kolkata, West Bengal",700001,22.5726,88.3639,+91 7028016177,royalfoods@enterprisefmcg.com,09:00,21:00,500,2026-07-17,2026-07-17 14:27:09.501692,2026-07-17 14:27:09.501692
STORE000371,STR-00371,Daily Mart,Distributor,General Trade,Inactive,True,West,Maharashtra,Mumbai,"143, MG Road, Mumbai, Maharashtra",400001,19.076,72.8777,+91 8229827071,dailymart@enterprisefmcg.com,09:00,22:00,10000,2026-07-17,2026-07-17 14:27:09.500687,2026-07-17 14:27:09.500687
STORE000199,STR-00199,City Store,Distributor,Distributor,Active,False,East,West Bengal,Kolkata,"15, MG Road, Kolkata, West Bengal",700001,22.5726,88.3639,+91 9868867452,citystore@enterprisefmcg.com,10:00,20:00,10000,2026-07-17,2026-07-17 14:27:09.499273,2026-07-17 14:27:09.499273
STORE000688,STR-00688,Fresh Retail,Online Fulfillment Center,Wholesale,Inactive,False,North,Uttar Pradesh,Kanpur,"36, MG Road, Kanpur, Uttar Pradesh",208001,26.4499,80.3319,+91 7665193578,freshretail@enterprisefmcg.com,09:00,22:00,500,2026-07-17,2026-07-17 14:27:09.503761,2026-07-17 14:27:09.503761
STORE000585,STR-00585,Value Hyper,Wholesale Depot,E-Commerce,Active,True,West,Gujarat,Vadodara,"9, MG Road, Vadodara, Gujarat",390001,22.3072,73.1812,+91 6891269708,valuehyper@enterprisefmcg.com,09:00,22:00,5000,2026-07-17,2026-07-17 14:27:09.502695,2026-07-17 14:27:09.502695
STORE000902,STR-00902,Prime Foods,Supermarket,General Trade,Active,True,North,Delhi,New Delhi,"245, MG Road, New Delhi, Delhi",110001,28.6139,77.209,+91 6605977674,primefoods@enterprisefmcg.com,08:00,21:00,1000,2026-07-17,2026-07-17 14:27:09.505887,2026-07-17 14:27:09.505887
STORE000060,STR-00060,Prime Retail,Hypermarket,General Trade,Inactive,True,North,Delhi,New Delhi,"128, MG Road, New Delhi, Delhi",110001,28.6139,77.209,+91 8639155763,primeretail@enterprisefmcg.com,08:00,22:00,500,2026-07-17,2026-07-17 14:27:09.498265,2026-07-17 14:27:09.498265
STORE000329,STR-00329,Smart Bazaar,Hypermarket,Wholesale,Active,True,West,Gujarat,Surat,"119, MG Road, Surat, Gujarat",395003,21.1702,72.8311,+91 7926861673,smartbazaar@enterprisefmcg.com,10:00,20:00,10000,2026-07-17,2026-07-17 14:27:09.500687,2026-07-17 14:27:09.500687
STORE000097,STR-00097,Fresh Express,Distributor,General Trade,Inactive,True,East,Odisha,Bhubaneswar,"214, MG Road, Bhubaneswar, Odisha",751001,20.2961,85.8245,+91 7403191396,freshexpress@enterprisefmcg.com,10:00,22:00,5000,2026-07-17,2026-07-17 14:27:09.498265,2026-07-17 14:27:09.498265
STORE000313,STR-00313,Metro Hyper,Supermarket,Distributor,Inactive,False,South,Karnataka,Bengaluru,"128, MG Road, Bengaluru, Karnataka",560001,12.9716,77.5946,+91 8753765104,metrohyper@enterprisefmcg.com,08:00,22:00,5000,2026-07-17,2026-07-17 14:27:09.500687,2026-07-17 14:27:09.500687
STORE000975,STR-00975,Metro Express,Supermarket,General Trade,Active,False,West,Gujarat,Surat,"125, MG Road, Surat, Gujarat",395003,21.1702,72.8311,+91 6899081237,metroexpress@enterprisefmcg.com,08:00,22:00,10000,2026-07-17,2026-07-17 14:27:09.506959,2026-07-17 14:27:09.506959
STORE000300,STR-00300,Smart Store,Distributor,Modern Trade,Inactive,True,East,West Bengal,Siliguri,"93, MG Road, Siliguri, West Bengal",734001,26.7271,88.3953,+91 8586731244,smartstore@enterprisefmcg.com,08:00,20:00,1000,2026-07-17,2026-07-17 14:27:09.500687,2026-07-17 14:27:09.500687
STORE000278,STR-00278,Daily Retail,Hypermarket,General Trade,Inactive,True,North,Delhi,New Delhi,"89, MG Road, New Delhi, Delhi",110001,28.6139,77.209,+91 8416033934,dailyretail@enterprisefmcg.com,10:00,21:00,1000,2026-07-17,2026-07-17 14:27:09.499273,2026-07-17 14:27:09.499273
STORE000925,STR-00925,City Express,Wholesale Depot,General Trade,Active,True,North,Delhi,New Delhi,"82, MG Road, New Delhi, Delhi",110001,28.6139,77.209,+91 7657827174,cityexpress@enterprisefmcg.com,08:00,22:00,1000,2026-07-17,2026-07-17 14:27:09.505887,2026-07-17 14:27:09.505887
STORE000602,STR-00602,Prime Center,Retail Outlet,Modern Trade,Active,True,West,Gujarat,Surat,"52, MG Road, Surat, Gujarat",395003,21.1702,72.8311,+91 9111433452,primecenter@enterprisefmcg.com,09:00,21:00,1000,2026-07-17,2026-07-17 14:27:09.502695,2026-07-17 14:27:09.502695
STORE000440,STR-00440,Daily Retail,Supermarket,Distributor,Inactive,True,North,Delhi,New Delhi,"86, MG Road, New Delhi, Delhi",110001,28.6139,77.209,+91 6335440303,dailyretail@enterprisefmcg.com,09:00,20:00,500,2026-07-17,2026-07-17 14:27:09.501692,2026-07-17 14:27:09.501692
STORE000838,STR-00838,City Retail,Convenience Store,Wholesale,Inactive,False,East,West Bengal,Siliguri,"187, MG Road, Siliguri, West Bengal",734001,26.7271,88.3953,+91 9414578631,cityretail@enterprisefmcg.com,09:00,21:00,500,2026-07-17,2026-07-17 14:27:09.504886,2026-07-17 14:27:09.504886
STORE000571,STR-00571,Daily Retail,Convenience Store,Distributor,Inactive,True,South,Karnataka,Mysuru,"66, MG Road, Mysuru, Karnataka",570001,12.2958,76.6394,+91 6140149184,dailyretail@enterprisefmcg.com,08:00,22:00,500,2026-07-17,2026-07-17 14:27:09.502695,2026-07-17 14:27:09.502695
STORE000880,STR-00880,Value Express,Convenience Store,Modern Trade,Active,True,South,Kerala,Kochi,"133, MG Road, Kochi, Kerala",682001,9.9312,76.2673,+91 6572216778,valueexpress@enterprisefmcg.com,09:00,20:00,2500,2026-07-17,2026-07-17 14:27:09.505887,2026-07-17 14:27:09.505887
STORE000262,STR-00262,Daily Market,Supermarket,General Trade,Inactive,True,South,Tamil Nadu,Trichy,"103, MG Road, Trichy, Tamil Nadu",620001,10.7905,78.7047,+91 9914834689,dailymarket@enterprisefmcg.com,10:00,21:00,1500,2026-07-17,2026-07-17 14:27:09.499273,2026-07-17 14:27:09.499273
STORE000579,STR-00579,Value Market,Hypermarket,General Trade,Active,False,South,Karnataka,Mysuru,"112, MG Road, Mysuru, Karnataka",570001,12.2958,76.6394,+91 8666230838,valuemarket@enterprisefmcg.com,08:00,22:00,5000,2026-07-17,2026-07-17 14:27:09.502695,2026-07-17 14:27:09.502695
STORE000024,STR-00024,Family Mart,Convenience Store,Modern Trade,Active,True,North,Delhi,New Delhi,"143, MG Road, New Delhi, Delhi",110001,28.6139,77.209,+91 7602268785,familymart@enterprisefmcg.com,08:00,21:00,1000,2026-07-17,2026-07-17 14:27:09.497231,2026-07-17 14:27:09.497231
STORE000031,STR-00031,Value Center,Distributor,Modern Trade,Active,False,North,Delhi,New Delhi,"130, MG Road, New Delhi, Delhi",110001,28.6139,77.209,+91 9814043475,valuecenter@enterprisefmcg.com,10:00,22:00,5000,2026-07-17,2026-07-17 14:27:09.498265,2026-07-17 14:27:09.498265
STORE000618,STR-00618,Daily Bazaar,Online Fulfillment Center,General Trade,Inactive,False,East,West Bengal,Siliguri,"24, MG Road, Siliguri, West Bengal",734001,26.7271,88.3953,+91 6852132377,dailybazaar@enterprisefmcg.com,10:00,20:00,500,2026-07-17,2026-07-17 14:27:09.502695,2026-07-17 14:27:09.502695
STORE000011,STR-00011,Prime Hyper,Convenience Store,Wholesale,Active,True,East,West Bengal,Siliguri,"129, MG Road, Siliguri, West Bengal",734001,26.7271,88.3953,+91 8903880595,primehyper@enterprisefmcg.com,10:00,22:00,2500,2026-07-17,2026-07-17 14:27:09.497231,2026-07-17 14:27:09.497231
STORE000222,STR-00222,Metro Center,Convenience Store,General Trade,Active,True,East,West Bengal,Kolkata,"248, MG Road, Kolkata, West Bengal",700001,22.5726,88.3639,+91 9296166362,metrocenter@enterprisefmcg.com,09:00,22:00,1500,2026-07-17,2026-07-17 14:27:09.499273,2026-07-17 14:27:09.499273
STORE000821,STR-00821,Royal Store,Wholesale Depot,Modern Trade,Inactive,True,North,Delhi,New Delhi,"26, MG Road, New Delhi, Delhi",110001,28.6139,77.209,+91 9248370877,royalstore@enterprisefmcg.com,09:00,22:00,1000,2026-07-17,2026-07-17 14:27:09.504886,2026-07-17 14:27:09.504886
STORE000297,STR-00297,Smart Store,Distributor,General Trade,Active,True,South,Kerala,Kozhikode,"72, MG Road, Kozhikode, Kerala",673001,11.2588,75.7804,+91 9849213012,smartstore@enterprisefmcg.com,10:00,21:00,1500,2026-07-17,2026-07-17 14:27:09.500687,2026-07-17 14:27:09.500687
STORE000055,STR-00055,Value Market,Convenience Store,Distributor,Active,False,West,Gujarat,Ahmedabad,"243, MG Road, Ahmedabad, Gujarat",380001,23.0225,72.5714,+91 8577701268,valuemarket@enterprisefmcg.com,08:00,22:00,1500,2026-07-17,2026-07-17 14:27:09.498265,2026-07-17 14:27:09.498265
STORE000543,STR-00543,Prime Bazaar,Convenience Store,Distributor,Inactive,True,East,Odisha,Bhubaneswar,"177, MG Road, Bhubaneswar, Odisha",751001,20.2961,85.8245,+91 7792919654,primebazaar@enterprisefmcg.com,09:00,21:00,5000,2026-07-17,2026-07-17 14:27:09.502695,2026-07-17 14:27:09.502695
STORE000210,STR-00210,Fresh Retail,Wholesale Depot,Modern Trade,Active,True,East,Odisha,Cuttack,"186, MG Road, Cuttack, Odisha",753001,20.4625,85.8828,+91 9278544113,freshretail@enterprisefmcg.com,10:00,21:00,1500,2026-07-17,2026-07-17 14:27:09.499273,2026-07-17 14:27:09.499273
STORE000605,STR-00605,Metro Bazaar,Distributor,Modern Trade,Active,True,West,Gujarat,Surat,"68, MG Road, Surat, Gujarat",395003,21.1702,72.8311,+91 6085755927,metrobazaar@enterprisefmcg.com,10:00,20:00,5000,2026-07-17,2026-07-17 14:27:09.502695,2026-07-17 14:27:09.502695
STORE000693,STR-00693,Family Express,Distributor,General Trade,Active,False,South,Karnataka,Mysuru,"86, MG Road, Mysuru, Karnataka",570001,12.2958,76.6394,+91 6861656523,familyexpress@enterprisefmcg.com,09:00,21:00,2500,2026-07-17,2026-07-17 14:27:09.503761,2026-07-17 14:27:09.503761
STORE000663,STR-00663,Family Store,Retail Outlet,General Trade,Active,True,North,Delhi,New Delhi,"143, MG Road, New Delhi, Delhi",110001,28.6139,77.209,+91 7602930042,familystore@enterprisefmcg.com,09:00,21:00,10000,2026-07-17,2026-07-17 14:27:09.503761,2026-07-17 14:27:09.503761
STORE000867,STR-00867,City Bazaar,Wholesale Depot,Modern Trade,Inactive,True,North,Delhi,New Delhi,"3, MG Road, New Delhi, Delhi",110001,28.6139,77.209,+91 9330852710,citybazaar@enterprisefmcg.com,08:00,21:00,1500,2026-07-17,2026-07-17 14:27:09.505887,2026-07-17 14:27:09.505887
STORE000071,STR-00071,City Center,Supermarket,E-Commerce,Inactive,False,East,Odisha,Bhubaneswar,"20, MG Road, Bhubaneswar, Odisha",751001,20.2961,85.8245,+91 9150596434,citycenter@enterprisefmcg.com,10:00,21:00,500,2026-07-17,2026-07-17 14:27:09.498265,2026-07-17 14:27:09.498265
STORE000544,STR-00544,Daily Express,Online Fulfillment Center,Modern Trade,Active,False,North,Delhi,New Delhi,"83, MG Road, New Delhi, Delhi",110001,28.6139,77.209,+91 7533098845,dailyexpress@enterprisefmcg.com,09:00,21:00,2500,2026-07-17,2026-07-17 14:27:09.502695,2026-07-17 14:27:09.502695
STORE000108,STR-00108,Fresh Bazaar,Online Fulfillment Center,General Trade,Inactive,False,East,West Bengal,Kolkata,"13, MG Road, Kolkata, West Bengal",700001,22.5726,88.3639,+91 8691787909,freshbazaar@enterprisefmcg.com,09:00,22:00,2500,2026-07-17,2026-07-17 14:27:09.498265,2026-07-17 14:27:09.498265
STORE000494,STR-00494,Prime Hyper,Supermarket,Modern Trade,Active,True,East,West Bengal,Siliguri,"242, MG Road, Siliguri, West Bengal",734001,26.7271,88.3953,+91 7459235181,primehyper@enterprisefmcg.com,08:00,20:00,5000,2026-07-17,2026-07-17 14:27:09.501692,2026-07-17 14:27:09.501692
STORE000591,STR-00591,Mega Market,Hypermarket,Distributor,Inactive,True,South,Kerala,Kozhikode,"12, MG Road, Kozhikode, Kerala",673001,11.2588,75.7804,+91 6362177876,megamarket@enterprisefmcg.com,10:00,22:00,10000,2026-07-17,2026-07-17 14:27:09.502695,2026-07-17 14:27:09.502695
STORE000742,STR-00742,Family Express,Supermarket,Distributor,Inactive,True,East,West Bengal,Siliguri,"99, MG Road, Siliguri, West Bengal",734001,26.7271,88.3953,+91 7042654336,familyexpress@enterprisefmcg.com,08:00,22:00,1500,2026-07-17,2026-07-17 14:27:09.504886,2026-07-17 14:27:09.504886
STORE000293,STR-00293,Mega Center,Hypermarket,Modern Trade,Active,True,West,Maharashtra,Mumbai,"198, MG Road, Mumbai, Maharashtra",400001,19.076,72.8777,+91 6188798884,megacenter@enterprisefmcg.com,10:00,21:00,1000,2026-07-17,2026-07-17 14:27:09.500687,2026-07-17 14:27:09.500687
STORE000290,STR-00290,Metro Center,Online Fulfillment Center,General Trade,Active,False,East,Odisha,Bhubaneswar,"138, MG Road, Bhubaneswar, Odisha",751001,20.2961,85.8245,+91 7504871834,metrocenter@enterprisefmcg.com,09:00,21:00,2500,2026-07-17,2026-07-17 14:27:09.500687,2026-07-17 14:27:09.500687
STORE000653,STR-00653,Metro Market,Online Fulfillment Center,Distributor,Active,True,West,Gujarat,Vadodara,"40, MG Road, Vadodara, Gujarat",390001,22.3072,73.1812,+91 8960502212,metromarket@enterprisefmcg.com,09:00,21:00,500,2026-07-17,2026-07-17 14:27:09.503761,2026-07-17 14:27:09.503761
STORE000040,STR-00040,Value Retail,Supermarket,Wholesale,Active,True,North,Delhi,New Delhi,"210, MG Road, New Delhi, Delhi",110001,28.6139,77.209,+91 7139011725,valueretail@enterprisefmcg.com,10:00,22:00,2500,2026-07-17,2026-07-17 14:27:09.498265,2026-07-17 14:27:09.498265
STORE000590,STR-00590,Family Center,Convenience Store,E-Commerce,Active,True,East,West Bengal,Kolkata,"142, MG Road, Kolkata, West Bengal",700001,22.5726,88.3639,+91 8896945147,familycenter@enterprisefmcg.com,08:00,21:00,2500,2026-07-17,2026-07-17 14:27:09.502695,2026-07-17 14:27:09.502695
STORE000308,STR-00308,Smart Foods,Hypermarket,General Trade,Active,False,South,Kerala,Kozhikode,"169, MG Road, Kozhikode, Kerala",673001,11.2588,75.7804,+91 6465196383,smartfoods@enterprisefmcg.com,10:00,22:00,10000,2026-07-17,2026-07-17 14:27:09.500687,2026-07-17 14:27:09.500687
STORE000680,STR-00680,Prime Express,Convenience Store,Modern Trade,Inactive,False,South,Kerala,Kozhikode,"24, MG Road, Kozhikode, Kerala",673001,11.2588,75.7804,+91 8324697222,primeexpress@enterprisefmcg.com,10:00,20:00,500,2026-07-17,2026-07-17 14:27:09.503761,2026-07-17 14:27:09.503761
STORE000067,STR-00067,Mega Market,Wholesale Depot,Distributor,Active,True,East,West Bengal,Kolkata,"39, MG Road, Kolkata, West Bengal",700001,22.5726,88.3639,+91 8110896895,megamarket@enterprisefmcg.com,08:00,22:00,10000,2026-07-17,2026-07-17 14:27:09.498265,2026-07-17 14:27:09.498265
STORE000276,STR-00276,Smart Retail,Retail Outlet,Wholesale,Inactive,False,East,Odisha,Cuttack,"211, MG Road, Cuttack, Odisha",753001,20.4625,85.8828,+91 8223559604,smartretail@enterprisefmcg.com,08:00,22:00,10000,2026-07-17,2026-07-17 14:27:09.499273,2026-07-17 14:27:09.499273
STORE000068,STR-00068,City Store,Supermarket,E-Commerce,Active,False,North,Uttar Pradesh,Noida,"23, MG Road, Noida, Uttar Pradesh",201301,28.5355,77.391,+91 9526128444,citystore@enterprisefmcg.com,09:00,20:00,5000,2026-07-17,2026-07-17 14:27:09.498265,2026-07-17 14:27:09.498265
STORE000319,STR-00319,Fresh Mart,Online Fulfillment Center,Wholesale,Active,True,North,Uttar Pradesh,Lucknow,"207, MG Road, Lucknow, Uttar Pradesh",226001,26.8467,80.9462,+91 7291798645,freshmart@enterprisefmcg.com,08:00,21:00,1500,2026-07-17,2026-07-17 14:27:09.500687,2026-07-17 14:27:09.500687
STORE000549,STR-00549,Prime Bazaar,Supermarket,General Trade,Active,False,East,West Bengal,Kolkata,"49, MG Road, Kolkata, West Bengal",700001,22.5726,88.3639,+91 6223853437,primebazaar@enterprisefmcg.com,09:00,21:00,1500,2026-07-17,2026-07-17 14:27:09.502695,2026-07-17 14:27:09.502695
STORE000999,STR-00999,Smart Express,Online Fulfillment Center,E-Commerce,Active,True,North,Uttar Pradesh,Noida,"219, MG Road, Noida, Uttar Pradesh",201301,28.5355,77.391,+91 6427809462,smartexpress@enterprisefmcg.com,09:00,20:00,1000,2026-07-17,2026-07-17 14:27:09.506959,2026-07-17 14:27:09.506959
STORE000715,STR-00715,Value Retail,Retail Outlet,Modern Trade,Active,False,North,Delhi,New Delhi,"139, MG Road, New Delhi, Delhi",110001,28.6139,77.209,+91 7277061300,valueretail@enterprisefmcg.com,08:00,20:00,5000,2026-07-17,2026-07-17 14:27:09.503761,2026-07-17 14:27:09.503761
STORE000754,STR-00754,Family Store,Hypermarket,E-Commerce,Active,True,South,Tamil Nadu,Salem,"98, MG Road, Salem, Tamil Nadu",636001,11.6643,78.146,+91 9656214615,familystore@enterprisefmcg.com,09:00,22:00,5000,2026-07-17,2026-07-17 14:27:09.504886,2026-07-17 14:27:09.504886
STORE000328,STR-00328,Prime Mart,Online Fulfillment Center,Modern Trade,Active,False,West,Maharashtra,Nagpur,"145, MG Road, Nagpur, Maharashtra",440001,21.1458,79.0882,+91 7363771958,primemart@enterprisefmcg.com,10:00,20:00,2500,2026-07-17,2026-07-17 14:27:09.500687,2026-07-17 14:27:09.500687
STORE000383,STR-00383,Smart Foods,Distributor,E-Commerce,Active,False,East,West Bengal,Kolkata,"172, MG Road, Kolkata, West Bengal",700001,22.5726,88.3639,+91 6841449145,smartfoods@enterprisefmcg.com,08:00,21:00,2500,2026-07-17,2026-07-17 14:27:09.500687,2026-07-17 14:27:09.500687
STORE000452,STR-00452,Mega Store,Convenience Store,Modern Trade,Inactive,True,West,Maharashtra,Pune,"237, MG Road, Pune, Maharashtra",411001,18.5204,73.8567,+91 6579230944,megastore@enterprisefmcg.com,09:00,22:00,1500,2026-07-17,2026-07-17 14:27:09.501692,2026-07-17 14:27:09.501692
STORE000523,STR-00523,Prime Center,Hypermarket,General Trade,Inactive,False,West,Maharashtra,Mumbai,"52, MG Road, Mumbai, Maharashtra",400001,19.076,72.8777,+91 6943874825,primecenter@enterprisefmcg.com,10:00,20:00,500,2026-07-17,2026-07-17 14:27:09.502695,2026-07-17 14:27:09.502695
STORE000219,STR-00219,City Market,Online Fulfillment Center,Wholesale,Inactive,True,South,Kerala,Kozhikode,"95, MG Road, Kozhikode, Kerala",673001,11.2588,75.7804,+91 8766533683,citymarket@enterprisefmcg.com,10:00,21:00,500,2026-07-17,2026-07-17 14:27:09.499273,2026-07-17 14:27:09.499273
STORE000788,STR-00788,Smart Foods,Wholesale Depot,Wholesale,Active,False,South,Kerala,Kozhikode,"104, MG Road, Kozhikode, Kerala",673001,11.2588,75.7804,+91 6403292369,smartfoods@enterprisefmcg.com,09:00,20:00,10000,2026-07-17,2026-07-17 14:27:09.504886,2026-07-17 14:27:09.504886
STORE000437,STR-00437,Daily Market,Online Fulfillment Center,Wholesale,Active,True,South,Kerala,Kochi,"215, MG Road, Kochi, Kerala",682001,9.9312,76.2673,+91 6196531429,dailymarket@enterprisefmcg.com,10:00,20:00,10000,2026-07-17,2026-07-17 14:27:09.501692,2026-07-17 14:27:09.501692
STORE000765,STR-00765,Family Hyper,Distributor,Modern Trade,Inactive,False,West,Gujarat,Vadodara,"140, MG Road, Vadodara, Gujarat",390001,22.3072,73.1812,+91 9125956216,familyhyper@enterprisefmcg.com,10:00,22:00,500,2026-07-17,2026-07-17 14:27:09.504886,2026-07-17 14:27:09.504886
STORE000089,STR-00089,Mega Express,Supermarket,Modern Trade,Active,True,West,Maharashtra,Nagpur,"112, MG Road, Nagpur, Maharashtra",440001,21.1458,79.0882,+91 7966360167,megaexpress@enterprisefmcg.com,10:00,22:00,2500,2026-07-17,2026-07-17 14:27:09.498265,2026-07-17 14:27:09.498265
STORE000064,STR-00064,Royal Market,Distributor,Modern Trade,Inactive,False,East,West Bengal,Kolkata,"151, MG Road, Kolkata, West Bengal",700001,22.5726,88.3639,+91 8759232807,royalmarket@enterprisefmcg.com,08:00,21:00,500,2026-07-17,2026-07-17 14:27:09.498265,2026-07-17 14:27:09.498265
STORE000827,STR-00827,Mega Center,Convenience Store,E-Commerce,Inactive,False,South,Karnataka,Bengaluru,"41, MG Road, Bengaluru, Karnataka",560001,12.9716,77.5946,+91 9529644712,megacenter@enterprisefmcg.com,09:00,21:00,2500,2026-07-17,2026-07-17 14:27:09.504886,2026-07-17 14:27:09.504886
