supplier_id,supplier_code,supplier_name,supplier_type,contact_person,email,phone,region,state,city,address,postal_code,latitude,longitude,gst_number,pan_number,payment_terms,lead_time_days,currency,supplier_rating,preferred_supplier,status,created_at,updated_at
SUP000362,SUP-00362,Fresh Industries,Packaging Supplier,Bhavika Yadav,freshindustries@supplier.com,+91 8640138312,North,Delhi,New Delhi,"110001 New Delhi, Delhi",110001,28.6139,77.209,33DXWUU4457L1Z5,ILBON8183C,60 Days,19,INR,3.5,True,Active,2026-07-16 16:54:31.873580,2026-07-16 16:54:31.873580
SUP000074,SUP-00074,ABC Industries,Packaging Supplier,Wridesh Nath,abcindustries@supplier.com,+91 6896703551,West,Gujarat,Surat,"395003 Surat, Gujarat",395003,21.1702,72.8311,11PXFGY3701W1Z5,WHCRK6105Q,Advance,29,INR,3.1,False,Inactive,2026-07-16 16:54:31.865918,2026-07-16 16:54:31.865918
SUP000375,SUP-00375,ABC Manufacturing,Ingredient Supplier,Xalak Yadav,abcmanufacturing@supplier.com,+91 7593106791,East,Odisha,Bhubaneswar,"751001 Bhubaneswar, Odisha",751001,20.2961,85.8245,25QGGZG1926I1Z5,HGFEA8997U,15 Days,6,INR,4.5,True,Active,2026-07-16 16:54:31.873580,2026-07-16 16:54:31.873580
SUP000156,SUP-00156,Metro Chemicals,Ingredient Supplier,Rajeshri Dugal,metrochemicals@supplier.com,+91 6371354270,West,Maharashtra,Nagpur,"440001 Nagpur, Maharashtra",440001,21.1458,79.0882,33FSVOD8246R1Z5,HXNRS5804H,30 Days,11,EUR,3.5,False,Active,2026-07-16 16:54:31.866921,2026-07-16 16:54:31.866921
SUP000105,SUP-00105,Fresh Industries,Local Vendor,Manbir Banerjee,freshindustries@supplier.com,+91 7792315197,North,Delhi,New Delhi,"110001 New Delhi, Delhi",110001,28.6139,77.209,33QZBWN4216D1Z5,GHVNL1097Y,45 Days,28,USD,4.6,False,Inactive,2026-07-16 16:54:31.866921,2026-07-16 16:54:31.866921
SUP000395,SUP-00395,Modern Corporation,Contract Manufacturer,Ishita Chokshi,moderncorporation@supplier.com,+91 9474001362,North,Delhi,New Delhi,"110001 New Delhi, Delhi",110001,28.6139,77.209,06INIAO7866S1Z5,PKKOO1409U,15 Days,10,EUR,4.0,False,Inactive,2026-07-16 16:54:31.873580,2026-07-16 16:54:31.873580
SUP000378,SUP-00378,United Agencies,Ingredient Supplier,Yamini Gala,unitedagencies@supplier.com,+91 9979519505,North,Uttar Pradesh,Noida,"201301 Noida, Uttar Pradesh",201301,28.5355,77.391,11PDURI6013V1Z5,KUPYB4763X,60 Days,20,USD,4.6,False,Active,2026-07-16 16:54:31.873580,2026-07-16 16:54:31.873580
SUP000125,SUP-00125,Crystal Foods,Contract Manufacturer,Yahvi Doctor,crystalfoods@supplier.com,+91 7602218343,South,Karnataka,Mysuru,"570001 Mysuru, Karnataka",570001,12.2958,76.6394,02EFSUO1718B1Z5,WIWOU7087N,60 Days,16,EUR,4.8,False,Inactive,2026-07-16 16:54:31.866921,2026-07-16 16:54:31.866921
SUP000069,SUP-00069,United Corporation,Raw Material Supplier,Megha Pradhan,unitedcorporation@supplier.com,+91 8915566965,North,Uttar Pradesh,Lucknow,"226001 Lucknow, Uttar Pradesh",226001,26.8467,80.9462,26UFYOR4464E1Z5,DQZUQ9789R,45 Days,28,USD,3.8,True,Active,2026-07-16 16:54:31.865918,2026-07-16 16:54:31.865918
SUP000451,SUP-00451,Elite Foods,Contract Manufacturer,Chaman Goda,elitefoods@supplier.com,+91 8151505695,East,Odisha,Bhubaneswar,"751001 Bhubaneswar, Odisha",751001,20.2961,85.8245,06SMIOZ3169Y1Z5,SIVJE2687D,30 Days,9,EUR,4.6,False,Inactive,2026-07-16 16:54:31.875589,2026-07-16 16:54:31.875589
SUP000010,SUP-00010,Elite Supplies,Contract Manufacturer,Sneha Devan,elitesupplies@supplier.com,+91 6899396792,North,Delhi,New Delhi,"110001 New Delhi, Delhi",110001,28.6139,77.209,05ODCDJ1759P1Z5,PLZCF0441U,90 Days,9,USD,4.2,True,Inactive,2026-07-16 16:54:31.864494,2026-07-16 16:54:31.864494
SUP000195,SUP-00195,Crystal Chemicals,Ingredient Supplier,Jeevika Golla,crystalchemicals@supplier.com,+91 7006444335,East,West Bengal,Kolkata,"700001 Kolkata, West Bengal",700001,22.5726,88.3639,37WWWHF8426I1Z5,MWSPR9792C,45 Days,25,USD,4.6,True,Inactive,2026-07-16 16:54:31.868429,2026-07-16 16:54:31.868429
SUP000407,SUP-00407,National Trading,Raw Material Supplier,Damyanti Sandal,nationaltrading@supplier.com,+91 7976365595,South,Tamil Nadu,Madurai,"625001 Madurai, Tamil Nadu",625001,9.9252,78.1198,10PNPJR6300E1Z5,QZDGV1175O,Advance,3,INR,3.4,False,Inactive,2026-07-16 16:54:31.874586,2026-07-16 16:54:31.874586
SUP000085,SUP-00085,Global Solutions,Packaging Supplier,Mitali Murthy,globalsolutions@supplier.com,+91 6192797648,East,West Bengal,Kolkata,"700001 Kolkata, West Bengal",700001,22.5726,88.3639,34EGZTM1623T1Z5,XAGXC7932F,15 Days,13,INR,3.6,False,Inactive,2026-07-16 16:54:31.865918,2026-07-16 16:54:31.865918
SUP000372,SUP-00372,Prime Supplies,Ingredient Supplier,Nirja Sur,primesupplies@supplier.com,+91 6148918775,East,Odisha,Cuttack,"753001 Cuttack, Odisha",753001,20.4625,85.8828,10YHOWP6746N1Z5,IIAJP3322E,Advance,13,INR,4.6,True,Active,2026-07-16 16:54:31.873580,2026-07-16 16:54:31.873580
SUP000389,SUP-00389,National Supplies,Import Supplier,Garima Behl,nationalsupplies@supplier.com,+91 7868851917,East,West Bengal,Siliguri,"734001 Siliguri, West Bengal",734001,26.7271,88.3953,13HXGUD7009J1Z5,BAVCU6386U,90 Days,29,INR,3.0,False,Active,2026-07-16 16:54:31.873580,2026-07-16 16:54:31.873580
SUP000496,SUP-00496,Elite Trading,Packaging Supplier,Jairaj Borde,elitetrading@supplier.com,+91 8595158552,South,Tamil Nadu,Madurai,"625001 Madurai, Tamil Nadu",625001,9.9252,78.1198,17IJYSK1961O1Z5,SRCXU6248A,30 Days,19,USD,4.4,False,Active,2026-07-16 16:54:31.876591,2026-07-16 16:54:31.876591
SUP000031,SUP-00031,Modern Manufacturing,Raw Material Supplier,Chandani Palla,modernmanufacturing@supplier.com,+91 6035837079,West,Maharashtra,Pune,"411001 Pune, Maharashtra",411001,18.5204,73.8567,30QEWAH1091H1Z5,RLBSJ7750Z,30 Days,15,USD,4.5,False,Active,2026-07-16 16:54:31.864494,2026-07-16 16:54:31.864494
SUP000317,SUP-00317,Modern Foods,Ingredient Supplier,Harini Mannan,modernfoods@supplier.com,+91 7185177236,North,Uttar Pradesh,Lucknow,"226001 Lucknow, Uttar Pradesh",226001,26.8467,80.9462,25IEGXY6935O1Z5,NXPKF3404A,45 Days,17,EUR,4.5,False,Inactive,2026-07-16 16:54:31.871574,2026-07-16 16:54:31.871574
SUP000409,SUP-00409,Global Agencies,Import Supplier,Ekavir Mangal,globalagencies@supplier.com,+91 6606218537,East,Odisha,Cuttack,"753001 Cuttack, Odisha",753001,20.4625,85.8828,31LFHGC0010L1Z5,VKSHW1093B,15 Days,10,USD,4.2,True,Inactive,2026-07-16 16:54:31.874586,2026-07-16 16:54:31.874586
SUP000491,SUP-00491,Modern Trading,Contract Manufacturer,Rachit Khare,moderntrading@supplier.com,+91 8705405141,North,Delhi,New Delhi,"110001 New Delhi, Delhi",110001,28.6139,77.209,02XXVGU0901N1Z5,TYQQH9916G,30 Days,27,INR,3.7,False,Inactive,2026-07-16 16:54:31.876591,2026-07-16 16:54:31.876591
SUP000492,SUP-00492,Prime Chemicals,Raw Material Supplier,Alka Barman,primechemicals@supplier.com,+91 8687482564,North,Delhi,New Delhi,"110001 New Delhi, Delhi",110001,28.6139,77.209,24HFURS0131G1Z5,XAWBS6409I,Advance,9,INR,4.3,True,Inactive,2026-07-16 16:54:31.876591,2026-07-16 16:54:31.876591
SUP000281,SUP-00281,Global Solutions,Contract Manufacturer,Onkar Shetty,globalsolutions@supplier.com,+91 7428218671,East,Odisha,Cuttack,"753001 Cuttack, Odisha",753001,20.4625,85.8828,19EZGPS9763G1Z5,KKPFO9754D,Advance,20,INR,3.3,False,Inactive,2026-07-16 16:54:31.870498,2026-07-16 16:54:31.870498
SUP000357,SUP-00357,National Supplies,Packaging Supplier,Chandani Toor,nationalsupplies@supplier.com,+91 9956921272,West,Gujarat,Ahmedabad,"380001 Ahmedabad, Gujarat",380001,23.0225,72.5714,16OFYEQ8321V1Z5,YYLAU8791T,Advance,5,USD,4.4,False,Inactive,2026-07-16 16:54:31.872577,2026-07-16 16:54:31.872577
SUP000077,SUP-00077,Crystal Solutions,Packaging Supplier,Ranbir Jha,crystalsolutions@supplier.com,+91 7675893238,North,Uttar Pradesh,Kanpur,"208001 Kanpur, Uttar Pradesh",208001,26.4499,80.3319,07WBHYC1151P1Z5,CDSNW8916S,45 Days,5,INR,3.2,True,Inactive,2026-07-16 16:54:31.865918,2026-07-16 16:54:31.865918
SUP000462,SUP-00462,Modern Chemicals,Local Vendor,Wakeeta Majumdar,modernchemicals@supplier.com,+91 8092888798,West,Gujarat,Surat,"395003 Surat, Gujarat",395003,21.1702,72.8311,07WMCAX0124U1Z5,GSNGW5836R,60 Days,27,EUR,4.9,True,Inactive,2026-07-16 16:54:31.875589,2026-07-16 16:54:31.875589
SUP000498,SUP-00498,Value Industries,Contract Manufacturer,Atharv Loyal,valueindustries@supplier.com,+91 8415929052,North,Uttar Pradesh,Noida,"201301 Noida, Uttar Pradesh",201301,28.5355,77.391,12TCKGG8488V1Z5,HZASM7543E,90 Days,12,INR,4.6,False,Inactive,2026-07-16 16:54:31.876591,2026-07-16 16:54:31.876591
SUP000212,SUP-00212,Crystal Chemicals,Packaging Supplier,Vasatika Kadakia,crystalchemicals@supplier.com,+91 9881700193,East,Odisha,Bhubaneswar,"751001 Bhubaneswar, Odisha",751001,20.2961,85.8245,07VMEJW4813B1Z5,WRRTW1630R,45 Days,7,USD,4.4,False,Active,2026-07-16 16:54:31.869492,2026-07-16 16:54:31.869492
SUP000102,SUP-00102,Modern Trading,Contract Manufacturer,Kevin Dar,moderntrading@supplier.com,+91 6607331137,West,Gujarat,Vadodara,"390001 Vadodara, Gujarat",390001,22.3072,73.1812,04CCTQM8752U1Z5,EZEKY9160I,45 Days,19,EUR,3.7,True,Inactive,2026-07-16 16:54:31.866921,2026-07-16 16:54:31.866921
SUP000335,SUP-00335,Global Industries,Contract Manufacturer,Damini Dixit,globalindustries@supplier.com,+91 9318331436,East,West Bengal,Siliguri,"734001 Siliguri, West Bengal",734001,26.7271,88.3953,09XEEUC2210H1Z5,UXHWF2018D,60 Days,25,USD,4.6,True,Active,2026-07-16 16:54:31.872577,2026-07-16 16:54:31.872577
SUP000476,SUP-00476,Fresh Manufacturing,Local Vendor,David Chand,freshmanufacturing@supplier.com,+91 6799881422,North,Uttar Pradesh,Lucknow,"226001 Lucknow, Uttar Pradesh",226001,26.8467,80.9462,09UKADC7235H1Z5,LSCSD9190R,60 Days,15,INR,3.2,False,Inactive,2026-07-16 16:54:31.875589,2026-07-16 16:54:31.875589
SUP000337,SUP-00337,Value Manufacturing,Ingredient Supplier,Maya Kari,valuemanufacturing@supplier.com,+91 8009349771,North,Uttar Pradesh,Lucknow,"226001 Lucknow, Uttar Pradesh",226001,26.8467,80.9462,19BNHLE3142B1Z5,RJTBK5658E,45 Days,19,USD,3.6,True,Active,2026-07-16 16:54:31.872577,2026-07-16 16:54:31.872577
SUP000441,SUP-00441,Fresh Packaging,Import Supplier,Rachana Sama,freshpackaging@supplier.com,+91 9939003625,North,Uttar Pradesh,Lucknow,"226001 Lucknow, Uttar Pradesh",226001,26.8467,80.9462,13YGYPH7871N1Z5,UBLHE9196P,90 Days,16,EUR,4.9,True,Active,2026-07-16 16:54:31.875589,2026-07-16 16:54:31.875589
SUP000174,SUP-00174,Elite Packaging,Packaging Supplier,Ekaraj Raman,elitepackaging@supplier.com,+91 8595403089,West,Gujarat,Vadodara,"390001 Vadodara, Gujarat",390001,22.3072,73.1812,29VMONG2909Q1Z5,GPHFO4769O,Advance,14,INR,4.8,False,Active,2026-07-16 16:54:31.868429,2026-07-16 16:54:31.868429
SUP000003,SUP-00003,Fresh Solutions,Raw Material Supplier,Logan Verma,freshsolutions@supplier.com,+91 9460958493,North,Delhi,New Delhi,"110001 New Delhi, Delhi",110001,28.6139,77.209,30CUQKH5473R1Z5,DNGST6407S,Advance,3,USD,3.6,False,Inactive,2026-07-16 16:54:31.863471,2026-07-16 16:54:31.863471
SUP000334,SUP-00334,Prime Foods,Local Vendor,Pranit Gaba,primefoods@supplier.com,+91 6023127892,North,Delhi,New Delhi,"110001 New Delhi, Delhi",110001,28.6139,77.209,34EBSLB2913D1Z5,KGRUK5590Z,Advance,19,INR,3.6,True,Active,2026-07-16 16:54:31.872577,2026-07-16 16:54:31.872577
SUP000410,SUP-00410,Fresh Manufacturing,Packaging Supplier,Siya Brar,freshmanufacturing@supplier.com,+91 6841141240,North,Delhi,New Delhi,"110001 New Delhi, Delhi",110001,28.6139,77.209,13EVUQO9027K1Z5,FJIHE0217J,30 Days,14,EUR,4.0,True,Inactive,2026-07-16 16:54:31.874586,2026-07-16 16:54:31.874586
SUP000071,SUP-00071,Prime Trading,Local Vendor,Jackson Desai,primetrading@supplier.com,+91 9692087118,South,Tamil Nadu,Salem,"636001 Salem, Tamil Nadu",636001,11.6643,78.146,03FAPJK0519E1Z5,MMQRE8080L,15 Days,23,INR,3.1,False,Inactive,2026-07-16 16:54:31.865918,2026-07-16 16:54:31.865918
SUP000210,SUP-00210,Metro Trading,Import Supplier,Charles Datta,metrotrading@supplier.com,+91 6293737627,South,Tamil Nadu,Trichy,"620001 Trichy, Tamil Nadu",620001,10.7905,78.7047,28LMOVY3317B1Z5,OMTZZ8843K,60 Days,15,EUR,4.6,True,Active,2026-07-16 16:54:31.869492,2026-07-16 16:54:31.869492
SUP000064,SUP-00064,Fresh Manufacturing,Ingredient Supplier,Zarna Nair,freshmanufacturing@supplier.com,+91 6858887808,East,West Bengal,Kolkata,"700001 Kolkata, West Bengal",700001,22.5726,88.3639,11ZLFWG5429R1Z5,SUAQX3857I,Advance,16,EUR,4.9,True,Inactive,2026-07-16 16:54:31.865918,2026-07-16 16:54:31.865918
SUP000385,SUP-00385,Global Packaging,Raw Material Supplier,Jonathan Karnik,globalpackaging@supplier.com,+91 9764748086,South,Kerala,Kozhikode,"673001 Kozhikode, Kerala",673001,11.2588,75.7804,07OCZVU5863V1Z5,OFDVM5706N,90 Days,4,EUR,4.8,True,Inactive,2026-07-16 16:54:31.873580,2026-07-16 16:54:31.873580
SUP000094,SUP-00094,United Trading,Import Supplier,Dev Dyal,unitedtrading@supplier.com,+91 6902110880,East,Odisha,Bhubaneswar,"751001 Bhubaneswar, Odisha",751001,20.2961,85.8245,05QCESE3649B1Z5,ULXPN9839K,60 Days,19,EUR,4.8,False,Inactive,2026-07-16 16:54:31.865918,2026-07-16 16:54:31.865918
SUP000486,SUP-00486,Fresh Trading,Raw Material Supplier,Zaid Pal,freshtrading@supplier.com,+91 9833117783,East,Odisha,Cuttack,"753001 Cuttack, Odisha",753001,20.4625,85.8828,13VOYSR7613W1Z5,ONMGB8861K,90 Days,22,INR,4.7,True,Active,2026-07-16 16:54:31.876591,2026-07-16 16:54:31.876591
SUP000186,SUP-00186,Crystal Solutions,Contract Manufacturer,Max Brar,crystalsolutions@supplier.com,+91 6456257000,West,Maharashtra,Nagpur,"440001 Nagpur, Maharashtra",440001,21.1458,79.0882,23ABBAR9691G1Z5,ZOJSI4370M,60 Days,25,INR,3.4,False,Inactive,2026-07-16 16:54:31.868429,2026-07-16 16:54:31.868429
SUP000034,SUP-00034,United Foods,Import Supplier,Amara Bansal,unitedfoods@supplier.com,+91 8168214660,North,Uttar Pradesh,Kanpur,"208001 Kanpur, Uttar Pradesh",208001,26.4499,80.3319,09AUCBK9580M1Z5,FFFOL3738U,60 Days,21,USD,4.4,True,Inactive,2026-07-16 16:54:31.864494,2026-07-16 16:54:31.864494
SUP000078,SUP-00078,National Trading,Import Supplier,Anvi Anne,nationaltrading@supplier.com,+91 7339914713,South,Kerala,Kochi,"682001 Kochi, Kerala",682001,9.9312,76.2673,24UIUTV4210F1Z5,OVIQR7877P,60 Days,7,USD,3.2,False,Active,2026-07-16 16:54:31.865918,2026-07-16 16:54:31.865918
SUP000001,SUP-00001,Prime Manufacturing,Raw Material Supplier,Yatan Lata,primemanufacturing@supplier.com,+91 6220572533,East,Odisha,Cuttack,"753001 Cuttack, Odisha",753001,20.4625,85.8828,18GKQSS4179T1Z5,GVTHB6383I,30 Days,4,EUR,3.2,False,Active,2026-07-16 16:54:31.863471,2026-07-16 16:54:31.863471
SUP000012,SUP-00012,Prime Manufacturing,Local Vendor,Qasim Gour,primemanufacturing@supplier.com,+91 9913701395,South,Tamil Nadu,Madurai,"625001 Madurai, Tamil Nadu",625001,9.9252,78.1198,31LAADE9288S1Z5,ENZEC0524P,15 Days,15,INR,3.4,True,Active,2026-07-16 16:54:31.864494,2026-07-16 16:54:31.864494
SUP000416,SUP-00416,ABC Manufacturing,Ingredient Supplier,Vedika Vala,abcmanufacturing@supplier.com,+91 6062268788,East,West Bengal,Siliguri,"734001 Siliguri, West Bengal",734001,26.7271,88.3953,21LMCOL4788G1Z5,BGKLZ5749G,Advance,3,EUR,4.2,True,Active,2026-07-16 16:54:31.874586,2026-07-16 16:54:31.874586
SUP000023,SUP-00023,Global Supplies,Local Vendor,Dominic Minhas,globalsupplies@supplier.com,+91 7199313323,East,Odisha,Bhubaneswar,"751001 Bhubaneswar, Odisha",751001,20.2961,85.8245,36SNXJO8750V1Z5,VDBTS9109A,Advance,6,EUR,4.5,True,Active,2026-07-16 16:54:31.864494,2026-07-16 16:54:31.864494
SUP000073,SUP-00073,Elite Supplies,Packaging Supplier,Lucky Bansal,elitesupplies@supplier.com,+91 6707764860,East,West Bengal,Siliguri,"734001 Siliguri, West Bengal",734001,26.7271,88.3953,17HHXJC3410Y1Z5,GDCDJ4061W,15 Days,7,EUR,3.3,False,Active,2026-07-16 16:54:31.865918,2026-07-16 16:54:31.865918
SUP000183,SUP-00183,ABC Industries,Import Supplier,Ishaan Wadhwa,abcindustries@supplier.com,+91 9154053487,South,Kerala,Kochi,"682001 Kochi, Kerala",682001,9.9312,76.2673,09HYKGR3207O1Z5,DUGUH4468R,45 Days,20,USD,4.2,False,Inactive,2026-07-16 16:54:31.868429,2026-07-16 16:54:31.868429
SUP000132,SUP-00132,National Supplies,Contract Manufacturer,Caleb Babu,nationalsupplies@supplier.com,+91 6076270264,West,Maharashtra,Pune,"411001 Pune, Maharashtra",411001,18.5204,73.8567,17JMYPE1712D1Z5,TKMMN3747D,60 Days,4,USD,3.8,False,Active,2026-07-16 16:54:31.866921,2026-07-16 16:54:31.866921
SUP000411,SUP-00411,United Supplies,Local Vendor,Saksham Mukhopadhyay,unitedsupplies@supplier.com,+91 6840192174,South,Karnataka,Hubballi,"580020 Hubballi, Karnataka",580020,15.3647,75.124,11KMVRU0363H1Z5,ZJJHX2690R,Advance,22,INR,3.5,False,Active,2026-07-16 16:54:31.874586,2026-07-16 16:54:31.874586
SUP000194,SUP-00194,ABC Manufacturing,Contract Manufacturer,Azaan Tank,abcmanufacturing@supplier.com,+91 9503277778,West,Gujarat,Ahmedabad,"380001 Ahmedabad, Gujarat",380001,23.0225,72.5714,14OTKJK3987U1Z5,YLMXR2222E,90 Days,15,EUR,3.7,True,Active,2026-07-16 16:54:31.868429,2026-07-16 16:54:31.868429
SUP000056,SUP-00056,Prime Industries,Import Supplier,Prisha Roy,primeindustries@supplier.com,+91 8876714255,West,Maharashtra,Mumbai,"400001 Mumbai, Maharashtra",400001,19.076,72.8777,02BBUQR2411Z1Z5,LTRTG5588W,30 Days,3,INR,4.5,False,Active,2026-07-16 16:54:31.864494,2026-07-16 16:54:31.864494
SUP000149,SUP-00149,Value Solutions,Local Vendor,Bina Venkataraman,valuesolutions@supplier.com,+91 7395584370,South,Tamil Nadu,Trichy,"620001 Trichy, Tamil Nadu",620001,10.7905,78.7047,35XKUWD2002F1Z5,GHZYB9954D,60 Days,4,INR,3.4,True,Active,2026-07-16 16:54:31.866921,2026-07-16 16:54:31.866921
SUP000019,SUP-00019,United Manufacturing,Raw Material Supplier,Yashasvi Kota,unitedmanufacturing@supplier.com,+91 7126723008,West,Gujarat,Surat,"395003 Surat, Gujarat",395003,21.1702,72.8311,17UNZTT7935O1Z5,YSRQZ9089T,15 Days,16,EUR,3.1,False,Inactive,2026-07-16 16:54:31.864494,2026-07-16 16:54:31.864494
SUP000205,SUP-00205,National Corporation,Contract Manufacturer,Geetika Kara,nationalcorporation@supplier.com,+91 6500368234,South,Tamil Nadu,Salem,"636001 Salem, Tamil Nadu",636001,11.6643,78.146,07OYXUZ4488F1Z5,NFBAG7921Y,45 Days,29,EUR,4.0,False,Active,2026-07-16 16:54:31.869492,2026-07-16 16:54:31.869492
SUP000079,SUP-00079,Value Manufacturing,Packaging Supplier,Mekhala Johal,valuemanufacturing@supplier.com,+91 6291545855,East,West Bengal,Kolkata,"700001 Kolkata, West Bengal",700001,22.5726,88.3639,20WNGQU6194Y1Z5,XXUUT8053V,30 Days,27,INR,4.4,True,Active,2026-07-16 16:54:31.865918,2026-07-16 16:54:31.865918
SUP000495,SUP-00495,Crystal Solutions,Contract Manufacturer,Forum Lala,crystalsolutions@supplier.com,+91 8220407218,East,Odisha,Bhubaneswar,"751001 Bhubaneswar, Odisha",751001,20.2961,85.8245,17EVZFZ1352M1Z5,TDKXT6443B,90 Days,25,INR,4.1,True,Inactive,2026-07-16 16:54:31.876591,2026-07-16 16:54:31.876591
SUP000263,SUP-00263,Elite Chemicals,Raw Material Supplier,Oni Mahal,elitechemicals@supplier.com,+91 6760914280,South,Karnataka,Mysuru,"570001 Mysuru, Karnataka",570001,12.2958,76.6394,26QKIVO7213V1Z5,AEXNY3161A,30 Days,29,INR,3.7,False,Inactive,2026-07-16 16:54:31.870498,2026-07-16 16:54:31.870498
SUP000324,SUP-00324,Modern Corporation,Contract Manufacturer,Zayyan Shankar,moderncorporation@supplier.com,+91 6694969681,North,Uttar Pradesh,Noida,"201301 Noida, Uttar Pradesh",201301,28.5355,77.391,13LUDAJ4357K1Z5,JBZLL4733A,15 Days,15,INR,3.5,True,Active,2026-07-16 16:54:31.872577,2026-07-16 16:54:31.872577
SUP000484,SUP-00484,Metro Agencies,Ingredient Supplier,Baljiwan Panchal,metroagencies@supplier.com,+91 9518112017,South,Kerala,Kozhikode,"673001 Kozhikode, Kerala",673001,11.2588,75.7804,17QBKZP9234Q1Z5,DMRFD1868K,90 Days,16,EUR,4.8,True,Inactive,2026-07-16 16:54:31.876591,2026-07-16 16:54:31.876591
SUP000080,SUP-00080,ABC Solutions,Packaging Supplier,Ekalinga Khare,abcsolutions@supplier.com,+91 6930818082,East,Odisha,Bhubaneswar,"751001 Bhubaneswar, Odisha",751001,20.2961,85.8245,20KUQKG1065F1Z5,PLZFW7587L,Advance,20,USD,4.3,False,Active,2026-07-16 16:54:31.865918,2026-07-16 16:54:31.865918
SUP000040,SUP-00040,Metro Packaging,Ingredient Supplier,Madhav Oak,metropackaging@supplier.com,+91 7287203904,East,Odisha,Cuttack,"753001 Cuttack, Odisha",753001,20.4625,85.8828,13GJUTJ9079R1Z5,UAQQB0117I,60 Days,18,USD,4.6,True,Inactive,2026-07-16 16:54:31.864494,2026-07-16 16:54:31.864494
SUP000452,SUP-00452,Fresh Industries,Local Vendor,Vasudha Vasa,freshindustries@supplier.com,+91 6353897053,West,Maharashtra,Nagpur,"440001 Nagpur, Maharashtra",440001,21.1458,79.0882,37UJFZW8854T1Z5,YFCPX2677Z,30 Days,17,USD,4.7,True,Inactive,2026-07-16 16:54:31.875589,2026-07-16 16:54:31.875589
SUP000047,SUP-00047,Prime Industries,Raw Material Supplier,Reyansh Sarma,primeindustries@supplier.com,+91 7513343964,East,Odisha,Bhubaneswar,"751001 Bhubaneswar, Odisha",751001,20.2961,85.8245,10NJQGV7639V1Z5,GUJVR6118U,30 Days,21,INR,3.7,False,Active,2026-07-16 16:54:31.864494,2026-07-16 16:54:31.864494
SUP000239,SUP-00239,Elite Chemicals,Local Vendor,Varenya Merchant,elitechemicals@supplier.com,+91 8375507918,North,Delhi,New Delhi,"110001 New Delhi, Delhi",110001,28.6139,77.209,20GTRHF5696K1Z5,AZDIA5780W,15 Days,14,EUR,4.0,False,Active,2026-07-16 16:54:31.869492,2026-07-16 16:54:31.869492
SUP000392,SUP-00392,Elite Industries,Ingredient Supplier,Irya Mander,eliteindustries@supplier.com,+91 7379764499,North,Uttar Pradesh,Kanpur,"208001 Kanpur, Uttar Pradesh",208001,26.4499,80.3319,04TRADO1330S1Z5,CKKKT6310V,Advance,8,USD,3.9,False,Inactive,2026-07-16 16:54:31.873580,2026-07-16 16:54:31.873580
SUP000353,SUP-00353,Fresh Foods,Import Supplier,Chavvi Rastogi,freshfoods@supplier.com,+91 9413532534,North,Delhi,New Delhi,"110001 New Delhi, Delhi",110001,28.6139,77.209,04JAIGK4005B1Z5,USUBN3163L,15 Days,7,INR,4.6,True,Inactive,2026-07-16 16:54:31.872577,2026-07-16 16:54:31.872577
SUP000342,SUP-00342,Global Chemicals,Local Vendor,Raksha Bawa,globalchemicals@supplier.com,+91 8076551265,North,Uttar Pradesh,Kanpur,"208001 Kanpur, Uttar Pradesh",208001,26.4499,80.3319,14OIYPK7486H1Z5,YAMJE6889E,Advance,14,USD,4.5,True,Inactive,2026-07-16 16:54:31.872577,2026-07-16 16:54:31.872577
SUP000278,SUP-00278,United Trading,Contract Manufacturer,Tamanna Kale,unitedtrading@supplier.com,+91 7450580329,South,Tamil Nadu,Coimbatore,"641001 Coimbatore, Tamil Nadu",641001,11.0168,76.9558,11LSVDC0473Y1Z5,SZRPD5197U,Advance,26,INR,3.7,True,Active,2026-07-16 16:54:31.870498,2026-07-16 16:54:31.870498
SUP000291,SUP-00291,Value Packaging,Import Supplier,Ganga Barad,valuepackaging@supplier.com,+91 8679177092,South,Tamil Nadu,Coimbatore,"641001 Coimbatore, Tamil Nadu",641001,11.0168,76.9558,33YXVTT7395E1Z5,RVXCB1235Q,30 Days,24,INR,4.6,False,Inactive,2026-07-16 16:54:31.871574,2026-07-16 16:54:31.871574
SUP000318,SUP-00318,Prime Solutions,Import Supplier,Aachal Chawla,primesolutions@supplier.com,+91 8287518753,South,Karnataka,Bengaluru,"560001 Bengaluru, Karnataka",560001,12.9716,77.5946,10OXXTF5794H1Z5,NAMKT6492J,90 Days,6,USD,5.0,True,Active,2026-07-16 16:54:31.871574,2026-07-16 16:54:31.871574
SUP000305,SUP-00305,Fresh Corporation,Raw Material Supplier,Turvi Murthy,freshcorporation@supplier.com,+91 7203884931,South,Kerala,Kozhikode,"673001 Kozhikode, Kerala",673001,11.2588,75.7804,07NHCFT4532B1Z5,FRPWB6229K,15 Days,23,INR,4.2,False,Active,2026-07-16 16:54:31.871574,2026-07-16 16:54:31.871574
SUP000269,SUP-00269,Global Foods,Local Vendor,Radha Behl,globalfoods@supplier.com,+91 8756653787,East,West Bengal,Siliguri,"734001 Siliguri, West Bengal",734001,26.7271,88.3953,31YEYID1469S1Z5,CVWRH6027A,60 Days,11,USD,3.4,True,Active,2026-07-16 16:54:31.870498,2026-07-16 16:54:31.870498
SUP000070,SUP-00070,Fresh Manufacturing,Import Supplier,Xavier Sandal,freshmanufacturing@supplier.com,+91 7438402470,South,Kerala,Thiruvananthapuram,"695001 Thiruvananthapuram, Kerala",695001,8.5241,76.9366,14UBVSP6643X1Z5,ULOHH2472H,90 Days,18,EUR,4.1,False,Inactive,2026-07-16 16:54:31.865918,2026-07-16 16:54:31.865918
SUP000456,SUP-00456,Fresh Supplies,Packaging Supplier,Upasna Madan,freshsupplies@supplier.com,+91 6392072935,South,Kerala,Kochi,"682001 Kochi, Kerala",682001,9.9312,76.2673,28HRUZC3621R1Z5,UAGOA4544H,Advance,29,INR,4.1,True,Active,2026-07-16 16:54:31.875589,2026-07-16 16:54:31.875589
SUP000466,SUP-00466,Elite Industries,Local Vendor,Qarin Bath,eliteindustries@supplier.com,+91 8792202150,East,Odisha,Bhubaneswar,"751001 Bhubaneswar, Odisha",751001,20.2961,85.8245,34UPFTI6182H1Z5,JWARV0756D,Advance,21,INR,4.2,True,Active,2026-07-16 16:54:31.875589,2026-07-16 16:54:31.875589
SUP000155,SUP-00155,Prime Supplies,Import Supplier,Watika Barman,primesupplies@supplier.com,+91 8369497798,South,Kerala,Kozhikode,"673001 Kozhikode, Kerala",673001,11.2588,75.7804,36TRCIZ5767H1Z5,OSCRO5317N,15 Days,27,EUR,3.6,True,Active,2026-07-16 16:54:31.866921,2026-07-16 16:54:31.866921
SUP000083,SUP-00083,United Solutions,Ingredient Supplier,Maanas Prasad,unitedsolutions@supplier.com,+91 7944870861,West,Gujarat,Ahmedabad,"380001 Ahmedabad, Gujarat",380001,23.0225,72.5714,27BFLHI5120Q1Z5,ZIEDL6158F,45 Days,25,INR,4.3,True,Inactive,2026-07-16 16:54:31.865918,2026-07-16 16:54:31.865918
SUP000478,SUP-00478,United Manufacturing,Import Supplier,Christopher Hayre,unitedmanufacturing@supplier.com,+91 9009429642,East,West Bengal,Siliguri,"734001 Siliguri, West Bengal",734001,26.7271,88.3953,24CEBNI0756H1Z5,NTJRJ7950F,Advance,18,INR,4.3,False,Active,2026-07-16 16:54:31.875589,2026-07-16 16:54:31.875589
SUP000173,SUP-00173,United Packaging,Ingredient Supplier,Luke Issac,unitedpackaging@supplier.com,+91 6637384643,North,Uttar Pradesh,Lucknow,"226001 Lucknow, Uttar Pradesh",226001,26.8467,80.9462,24PYWLL7366Q1Z5,LUNNE2020S,30 Days,27,USD,4.8,True,Inactive,2026-07-16 16:54:31.868429,2026-07-16 16:54:31.868429
SUP000322,SUP-00322,United Agencies,Packaging Supplier,Chanakya Prasad,unitedagencies@supplier.com,+91 7585646141,South,Kerala,Thiruvananthapuram,"695001 Thiruvananthapuram, Kerala",695001,8.5241,76.9366,25RSNAZ0247S1Z5,IRVBQ8458F,45 Days,9,EUR,3.6,False,Inactive,2026-07-16 16:54:31.872577,2026-07-16 16:54:31.872577
SUP000091,SUP-00091,Prime Solutions,Local Vendor,Chaman Reddy,primesolutions@supplier.com,+91 8292958977,South,Karnataka,Bengaluru,"560001 Bengaluru, Karnataka",560001,12.9716,77.5946,24JBGRS3496R1Z5,MLEBD6895W,Advance,29,INR,4.6,True,Active,2026-07-16 16:54:31.865918,2026-07-16 16:54:31.865918
SUP000181,SUP-00181,Metro Foods,Import Supplier,Mitesh Bandi,metrofoods@supplier.com,+91 9130757774,South,Kerala,Thiruvananthapuram,"695001 Thiruvananthapuram, Kerala",695001,8.5241,76.9366,09NZOFJ2849T1Z5,DKGVL1793B,15 Days,5,EUR,4.3,False,Active,2026-07-16 16:54:31.868429,2026-07-16 16:54:31.868429
SUP000415,SUP-00415,Crystal Corporation,Import Supplier,Ladli Mann,crystalcorporation@supplier.com,+91 9134107176,South,Kerala,Kozhikode,"673001 Kozhikode, Kerala",673001,11.2588,75.7804,29EOOEP5591Z1Z5,KSNMB5427X,Advance,14,USD,4.1,True,Active,2026-07-16 16:54:31.874586,2026-07-16 16:54:31.874586
SUP000313,SUP-00313,Prime Trading,Local Vendor,Gavin Nair,primetrading@supplier.com,+91 6221746838,South,Kerala,Kozhikode,"673001 Kozhikode, Kerala",673001,11.2588,75.7804,33EFGGF7695R1Z5,SADKN2174I,30 Days,6,USD,3.1,True,Inactive,2026-07-16 16:54:31.871574,2026-07-16 16:54:31.871574
SUP000279,SUP-00279,Elite Chemicals,Raw Material Supplier,Kamya Manda,elitechemicals@supplier.com,+91 7321422982,East,Odisha,Bhubaneswar,"751001 Bhubaneswar, Odisha",751001,20.2961,85.8245,02IHXBW1703B1Z5,BUBLR1806Q,Advance,29,USD,4.6,True,Inactive,2026-07-16 16:54:31.870498,2026-07-16 16:54:31.870498
SUP000382,SUP-00382,Crystal Foods,Ingredient Supplier,Lopa Kamdar,crystalfoods@supplier.com,+91 7734538595,East,Odisha,Cuttack,"753001 Cuttack, Odisha",753001,20.4625,85.8828,02RFUXA8481W1Z5,NKWKR8357M,30 Days,8,USD,3.7,False,Active,2026-07-16 16:54:31.873580,2026-07-16 16:54:31.873580
SUP000473,SUP-00473,Prime Industries,Local Vendor,Elijah Mallick,primeindustries@supplier.com,+91 9069314988,North,Uttar Pradesh,Kanpur,"208001 Kanpur, Uttar Pradesh",208001,26.4499,80.3319,29OVTHZ5008H1Z5,PTRUP0506L,30 Days,7,EUR,3.1,False,Inactive,2026-07-16 16:54:31.875589,2026-07-16 16:54:31.875589
SUP000363,SUP-00363,Fresh Solutions,Import Supplier,Ayush Panchal,freshsolutions@supplier.com,+91 7879258653,South,Kerala,Kochi,"682001 Kochi, Kerala",682001,9.9312,76.2673,11GRIGS1136E1Z5,JTGLD4687Y,15 Days,3,INR,4.1,False,Inactive,2026-07-16 16:54:31.873580,2026-07-16 16:54:31.873580
SUP000325,SUP-00325,Metro Foods,Import Supplier,Tejas Kumer,metrofoods@supplier.com,+91 7065854649,West,Maharashtra,Nagpur,"440001 Nagpur, Maharashtra",440001,21.1458,79.0882,24IWHEB1615W1Z5,FBTJG1050K,Advance,24,INR,3.2,True,Inactive,2026-07-16 16:54:31.872577,2026-07-16 16:54:31.872577
SUP000432,SUP-00432,Elite Manufacturing,Local Vendor,Rajeshri Hayre,elitemanufacturing@supplier.com,+91 7756552316,East,Odisha,Cuttack,"753001 Cuttack, Odisha",753001,20.4625,85.8828,24WMEUZ6043P1Z5,EARNB4057Q,45 Days,26,USD,4.0,True,Active,2026-07-16 16:54:31.874586,2026-07-16 16:54:31.874586
SUP000348,SUP-00348,Elite Agencies,Import Supplier,Forum Deshpande,eliteagencies@supplier.com,+91 9736320956,West,Gujarat,Vadodara,"390001 Vadodara, Gujarat",390001,22.3072,73.1812,01GBILP5732O1Z5,ETKAJ6426J,60 Days,21,INR,4.8,True,Active,2026-07-16 16:54:31.872577,2026-07-16 16:54:31.872577
SUP000087,SUP-00087,Modern Agencies,Ingredient Supplier,Janya Din,modernagencies@supplier.com,+91 8346276421,North,Uttar Pradesh,Lucknow,"226001 Lucknow, Uttar Pradesh",226001,26.8467,80.9462,05ZWPTM5367T1Z5,FEUIM5800Y,90 Days,23,EUR,3.9,False,Inactive,2026-07-16 16:54:31.865918,2026-07-16 16:54:31.865918
SUP000076,SUP-00076,Fresh Solutions,Raw Material Supplier,Agastya Ghosh,freshsolutions@supplier.com,+91 8154039215,North,Delhi,New Delhi,"110001 New Delhi, Delhi",110001,28.6139,77.209,18DYZNP5134N1Z5,DWKML2956A,15 Days,10,EUR,4.0,True,Inactive,2026-07-16 16:54:31.865918,2026-07-16 16:54:31.865918
SUP000439,SUP-00439,Metro Industries,Contract Manufacturer,Xiti Kunda,metroindustries@supplier.com,+91 7150845408,South,Kerala,Kochi,"682001 Kochi, Kerala",682001,9.9312,76.2673,21WKWYR9021X1Z5,HHAIW1719A,Advance,8,USD,4.7,False,Active,2026-07-16 16:54:31.874586,2026-07-16 16:54:31.874586
SUP000016,SUP-00016,Fresh Foods,Import Supplier,Harinakshi Narayanan,freshfoods@supplier.com,+91 6731440409,South,Karnataka,Bengaluru,"560001 Bengaluru, Karnataka",560001,12.9716,77.5946,22WJOLM2706O1Z5,PETHK0500G,60 Days,28,EUR,4.4,True,Active,2026-07-16 16:54:31.864494,2026-07-16 16:54:31.864494
